[
  {
    "id": "b15bfe1c-fd9d-4c31-8d48-9b041ad16f22",
    "data": [
      {
        "text": "list the metrics.",
        "userDefined": false
      }
    ],
    "isTemplate": false,
    "count": 0,
    "updated": 0
  },
  {
    "id": "cebdff44-48d3-442c-b918-6d9cade18213",
    "data": [
      {
        "text": "metrics.",
        "userDefined": false
      }
    ],
    "isTemplate": false,
    "count": 0,
    "updated": 0
  },
  {
    "id": "fa167af7-5f48-4c14-b78a-75a914295ecf",
    "data": [
      {
        "text": "length, time and what else?",
        "userDefined": false
      }
    ],
    "isTemplate": false,
    "count": 0,
    "updated": 0
  },
  {
    "id": "4933cbc6-9366-40c5-b86a-1b5213e87446",
    "data": [
      {
        "text": "dimensions?",
        "userDefined": false
      }
    ],
    "isTemplate": false,
    "count": 0,
    "updated": 0
  },
  {
    "id": "19db731f-3b9e-4734-b164-3e9e059c4d68",
    "data": [
      {
        "text": "What are the metrics?",
        "userDefined": false
      }
    ],
    "isTemplate": false,
    "count": 0,
    "updated": 0
  }
]