[
  {
    "value": "centimetre",
    "synonyms": [
      "centimetre",
      "cms",
      "cm",
      "centimeter",
      "centimtr"
    ]
  },
  {
    "value": "gram",
    "synonyms": [
      "gram",
      "g",
      "gs",
      "grmas",
      "grms"
    ]
  },
  {
    "value": "kilogram",
    "synonyms": [
      "kilogram",
      "kg",
      "Kg",
      "kgs",
      "kilos",
      "kilo"
    ]
  },
  {
    "value": "litre",
    "synonyms": [
      "litre",
      "l",
      "L",
      "ltr"
    ]
  },
  {
    "value": "metre",
    "synonyms": [
      "metre",
      "m",
      "metres",
      "meter"
    ]
  },
  {
    "value": "milligram",
    "synonyms": [
      "milligram",
      "mg",
      "mgs",
      "milligrmas",
      "milligs"
    ]
  },
  {
    "value": "millilitre",
    "synonyms": [
      "millilitre",
      "ml",
      "ML",
      "mL",
      "milliltre"
    ]
  },
  {
    "value": "millimetre",
    "synonyms": [
      "millimetre",
      "mm",
      "millimtre"
    ]
  },
  {
    "value": "anu",
    "synonyms": [
      "anu"
    ]
  },
  {
    "value": "paramanu",
    "synonyms": [
      "paramanu"
    ]
  },
  {
    "value": "truti",
    "synonyms": [
      "truti"
    ]
  },
  {
    "value": "liksha",
    "synonyms": [
      "liksha"
    ]
  },
  {
    "value": "vanshi",
    "synonyms": [
      "vanshi"
    ]
  },
  {
    "value": "dhwanshi",
    "synonyms": [
      "dhwanshi",
      "dwanshi"
    ]
  },
  {
    "value": "trasrenu",
    "synonyms": [
      "trasrenu"
    ]
  },
  {
    "value": "yuka",
    "synonyms": [
      "yuka",
      "uka"
    ]
  },
  {
    "value": "maricha",
    "synonyms": [
      "maricha",
      "marica"
    ]
  },
  {
    "value": "raja",
    "synonyms": [
      "raja"
    ]
  },
  {
    "value": "rajika",
    "synonyms": [
      "rajika",
      "ragika"
    ]
  },
  {
    "value": "rakta sarshapa",
    "synonyms": [
      "rakta sarshapa"
    ]
  },
  {
    "value": "sarshapa",
    "synonyms": [
      "sarshapa"
    ]
  },
  {
    "value": "tandula",
    "synonyms": [
      "tandula"
    ]
  },
  {
    "value": "dhanyamasha",
    "synonyms": [
      "dhanyamasha",
      "danyamasa"
    ]
  },
  {
    "value": "yava",
    "synonyms": [
      "yava"
    ]
  },
  {
    "value": "gunja",
    "synonyms": [
      "gunja"
    ]
  },
  {
    "value": "andika",
    "synonyms": [
      "andika"
    ]
  },
  {
    "value": "suvarna mashaka",
    "synonyms": [
      "suvarna mashaka"
    ]
  },
  {
    "value": "valla",
    "synonyms": [
      "valla",
      "vala"
    ]
  },
  {
    "value": "nishpava",
    "synonyms": [
      "nishpava"
    ]
  },
  {
    "value": "mashaka",
    "synonyms": [
      "mashaka"
    ]
  },
  {
    "value": "hema",
    "synonyms": [
      "hema"
    ]
  },
  {
    "value": "dhamaka",
    "synonyms": [
      "dhamaka",
      "damaka"
    ]
  },
  {
    "value": "dhanyaka",
    "synonyms": [
      "dhanyaka"
    ]
  },
  {
    "value": "shana",
    "synonyms": [
      "shana"
    ]
  },
  {
    "value": "tanka",
    "synonyms": [
      "tanka"
    ]
  },
  {
    "value": "nishka",
    "synonyms": [
      "nishka",
      "niska"
    ]
  },
  {
    "value": "kola",
    "synonyms": [
      "kola",
      "cola"
    ]
  },
  {
    "value": "kshudraka",
    "synonyms": [
      "kshudraka",
      "sudraka"
    ]
  },
  {
    "value": "kshudra",
    "synonyms": [
      "kshudra",
      "sudhra"
    ]
  },
  {
    "value": "morataka",
    "synonyms": [
      "morataka"
    ]
  },
  {
    "value": "vataka",
    "synonyms": [
      "vataka"
    ]
  },
  {
    "value": "drankshana",
    "synonyms": [
      "drankshana"
    ]
  },
  {
    "value": "badara",
    "synonyms": [
      "badara"
    ]
  },
  {
    "value": "suvarna",
    "synonyms": [
      "suvarna"
    ]
  },
  {
    "value": "dharana",
    "synonyms": [
      "dharana"
    ]
  },
  {
    "value": "karsha",
    "synonyms": [
      "karsha"
    ]
  },
  {
    "value": "panimanika",
    "synonyms": [
      "panimanika"
    ]
  },
  {
    "value": "pichu",
    "synonyms": [
      "pichu"
    ]
  },
  {
    "value": "aksha",
    "synonyms": [
      "aksha"
    ]
  },
  {
    "value": "panitala",
    "synonyms": [
      "panitala"
    ]
  },
  {
    "value": "kinchitpani",
    "synonyms": [
      "kinchitpani"
    ]
  },
  {
    "value": "tinduka",
    "synonyms": [
      "tinduka"
    ]
  },
  {
    "value": "vidalpadaka",
    "synonyms": [
      "vidalpadaka"
    ]
  },
  {
    "value": "shodashika",
    "synonyms": [
      "shodashika"
    ]
  },
  {
    "value": "karamadhya",
    "synonyms": [
      "karamadhya"
    ]
  },
  {
    "value": "hansapada",
    "synonyms": [
      "hansapada"
    ]
  },
  {
    "value": "kavalagraha",
    "synonyms": [
      "kavalagraha"
    ]
  },
  {
    "value": "udumbara",
    "synonyms": [
      "udumbara"
    ]
  },
  {
    "value": "nishkachatushtya",
    "synonyms": [
      "nishkachatushtya"
    ]
  },
  {
    "value": "shukti",
    "synonyms": [
      "shukti"
    ]
  },
  {
    "value": "palardha",
    "synonyms": [
      "palardha"
    ]
  },
  {
    "value": "ardhapala",
    "synonyms": [
      "ardhapala"
    ]
  },
  {
    "value": "ashtamika",
    "synonyms": [
      "ashtamika"
    ]
  },
  {
    "value": "pala",
    "synonyms": [
      "pala"
    ]
  },
  {
    "value": "mushti",
    "synonyms": [
      "mushti"
    ]
  },
  {
    "value": "amra",
    "synonyms": [
      "amra"
    ]
  },
  {
    "value": "chaturthika",
    "synonyms": [
      "chaturthika"
    ]
  },
  {
    "value": "prakuncha",
    "synonyms": [
      "prakuncha"
    ]
  },
  {
    "value": "shodashi",
    "synonyms": [
      "shodashi"
    ]
  },
  {
    "value": "bilva",
    "synonyms": [
      "bilva"
    ]
  },
  {
    "value": "prasrita",
    "synonyms": [
      "prasrita"
    ]
  },
  {
    "value": "kudava",
    "synonyms": [
      "kudava"
    ]
  },
  {
    "value": "anjali",
    "synonyms": [
      "anjali"
    ]
  },
  {
    "value": "ardhasharavaka",
    "synonyms": [
      "ardhasharavaka"
    ]
  },
  {
    "value": "ashtamana",
    "synonyms": [
      "ashtamana"
    ]
  },
  {
    "value": "manika",
    "synonyms": [
      "manika"
    ]
  },
  {
    "value": "sharava",
    "synonyms": [
      "sharava"
    ]
  },
  {
    "value": "ashtapala",
    "synonyms": [
      "ashtapala"
    ]
  },
  {
    "value": "prastha",
    "synonyms": [
      "prastha"
    ]
  },
  {
    "value": "shubha",
    "synonyms": [
      "shubha"
    ]
  },
  {
    "value": "adhaka",
    "synonyms": [
      "adhaka"
    ]
  },
  {
    "value": "bhajana",
    "synonyms": [
      "bhajana"
    ]
  },
  {
    "value": "kansapatra",
    "synonyms": [
      "kansapatra"
    ]
  },
  {
    "value": "patraka",
    "synonyms": [
      "patraka"
    ]
  },
  {
    "value": "tula",
    "synonyms": [
      "tula"
    ]
  },
  {
    "value": "drona",
    "synonyms": [
      "drona"
    ]
  },
  {
    "value": "kalasha",
    "synonyms": [
      "kalasha"
    ]
  },
  {
    "value": "nalvana",
    "synonyms": [
      "nalvana"
    ]
  },
  {
    "value": "armana",
    "synonyms": [
      "armana"
    ]
  },
  {
    "value": "unmana",
    "synonyms": [
      "unmana"
    ]
  },
  {
    "value": "ghata",
    "synonyms": [
      "ghata"
    ]
  },
  {
    "value": "rashi",
    "synonyms": [
      "rashi"
    ]
  },
  {
    "value": "shurpa",
    "synonyms": [
      "shurpa"
    ]
  },
  {
    "value": "kumbha",
    "synonyms": [
      "kumbha",
      "kumba"
    ]
  },
  {
    "value": "droni",
    "synonyms": [
      "droni",
      "dronhio",
      "drohni"
    ]
  },
  {
    "value": "vahi",
    "synonyms": [
      "vahi"
    ]
  },
  {
    "value": "goni",
    "synonyms": [
      "goni",
      "koni"
    ]
  },
  {
    "value": "bhara",
    "synonyms": [
      "bhara",
      "bara"
    ]
  },
  {
    "value": "khari",
    "synonyms": [
      "khari",
      "kari"
    ]
  },
  {
    "value": "vaha",
    "synonyms": [
      "vaha"
    ]
  },
  {
    "value": "ksanas",
    "synonyms": [
      "ksanas",
      "sanas"
    ]
  },
  {
    "value": "lava",
    "synonyms": [
      "lava"
    ]
  },
  {
    "value": "nimesha",
    "synonyms": [
      "nimesha",
      "nimisha"
    ]
  },
  {
    "value": "kashtha",
    "synonyms": [
      "kashtha",
      "kasta"
    ]
  },
  {
    "value": "kala",
    "synonyms": [
      "kala"
    ]
  },
  {
    "value": "ghati",
    "synonyms": [
      "ghati"
    ]
  },
  {
    "value": "muhurta",
    "synonyms": [
      "muhurta"
    ]
  },
  {
    "value": "ahoratra",
    "synonyms": [
      "ahoratra"
    ]
  },
  {
    "value": "paksha",
    "synonyms": [
      "paksha"
    ]
  },
  {
    "value": "masa",
    "synonyms": [
      "masa"
    ]
  },
  {
    "value": "ritu",
    "synonyms": [
      "ritu"
    ]
  },
  {
    "value": "ayana",
    "synonyms": [
      "ayana"
    ]
  },
  {
    "value": "samvatsara",
    "synonyms": [
      "samvatsara"
    ]
  },
  {
    "value": "yuga",
    "synonyms": [
      "yuga"
    ]
  },
  {
    "value": "ahoratra deva",
    "synonyms": [
      "ahoratra deva"
    ]
  },
  {
    "value": "ahoratra pitra",
    "synonyms": [
      "ahoratra pitra"
    ]
  },
  {
    "value": "yavodara",
    "synonyms": [
      "yavodara"
    ]
  },
  {
    "value": "angula",
    "synonyms": [
      "angula"
    ]
  },
  {
    "value": "vitasti",
    "synonyms": [
      "vitasti"
    ]
  },
  {
    "value": "aratni",
    "synonyms": [
      "aratni"
    ]
  },
  {
    "value": "hasta",
    "synonyms": [
      "hasta"
    ]
  },
  {
    "value": "nripa hasta",
    "synonyms": [
      "nripa hasta"
    ]
  },
  {
    "value": "rajhasta",
    "synonyms": [
      "rajhasta"
    ]
  },
  {
    "value": "vyama",
    "synonyms": [
      "vyama"
    ]
  },
  {
    "value": "uluntu",
    "synonyms": [
      "uluntu",
      "uzhuntu"
    ]
  },
  {
    "value": "kunri",
    "synonyms": [
      "kunri"
    ]
  },
  {
    "value": "mancadi",
    "synonyms": [
      "mancadi"
    ]
  },
  {
    "value": "yavam",
    "synonyms": [
      "yavam"
    ]
  },
  {
    "value": "masam",
    "synonyms": [
      "masam"
    ]
  },
  {
    "value": "pana edai",
    "synonyms": [
      "pana edai"
    ]
  },
  {
    "value": "varakan edai",
    "synonyms": [
      "varakan edai"
    ]
  },
  {
    "value": "kazancu",
    "synonyms": [
      "kazancu"
    ]
  },
  {
    "value": "kahcu",
    "synonyms": [
      "kahcu"
    ]
  },
  {
    "value": "kaica",
    "synonyms": [
      "kaica"
    ]
  },
  {
    "value": "palam",
    "synonyms": [
      "palam"
    ]
  },
  {
    "value": "cer",
    "synonyms": [
      "cer"
    ]
  },
  {
    "value": "vicai",
    "synonyms": [
      "vicai"
    ]
  },
  {
    "value": "tulam",
    "synonyms": [
      "tulam"
    ]
  },
  {
    "value": "tukku",
    "synonyms": [
      "tukku"
    ]
  },
  {
    "value": "nodi",
    "synonyms": [
      "nodi"
    ]
  },
  {
    "value": "mukurttam",
    "synonyms": [
      "mukurttam"
    ]
  },
  {
    "value": "nazikai",
    "synonyms": [
      "nazikai"
    ]
  },
  {
    "value": "yamam",
    "synonyms": [
      "yamam"
    ]
  },
  {
    "value": "paksam",
    "synonyms": [
      "paksam"
    ]
  },
  {
    "value": "matam",
    "synonyms": [
      "matam"
    ]
  },
  {
    "value": "mandalam",
    "synonyms": [
      "mandalam"
    ]
  },
  {
    "value": "ayanam",
    "synonyms": [
      "ayanam"
    ]
  },
  {
    "value": "virarkadai",
    "synonyms": [
      "virarkadai"
    ]
  },
  {
    "value": "can",
    "synonyms": [
      "can"
    ]
  },
  {
    "value": "muzam",
    "synonyms": [
      "muzam"
    ]
  },
  {
    "value": "pakam",
    "synonyms": [
      "pakam"
    ]
  },
  {
    "value": "nel",
    "synonyms": [
      "nel"
    ]
  },
  {
    "value": "codu",
    "synonyms": [
      "codu"
    ]
  },
  {
    "value": "azakku",
    "synonyms": [
      "azakku"
    ]
  },
  {
    "value": "uzakku",
    "synonyms": [
      "uzakku"
    ]
  },
  {
    "value": "uri",
    "synonyms": [
      "uri"
    ]
  },
  {
    "value": "nazi",
    "synonyms": [
      "nazi"
    ]
  },
  {
    "value": "padi",
    "synonyms": [
      "padi"
    ]
  },
  {
    "value": "kuruni",
    "synonyms": [
      "kuruni"
    ]
  },
  {
    "value": "marakkal",
    "synonyms": [
      "marakkal"
    ]
  },
  {
    "value": "patakku",
    "synonyms": [
      "patakku"
    ]
  },
  {
    "value": "mukkuruni",
    "synonyms": [
      "mukkuruni"
    ]
  },
  {
    "value": "tuni",
    "synonyms": [
      "tuni"
    ]
  },
  {
    "value": "kalam",
    "synonyms": [
      "kalam"
    ]
  },
  {
    "value": "tekkarandi",
    "synonyms": [
      "tekkarandi"
    ]
  },
  {
    "value": "kuppikarandi",
    "synonyms": [
      "kuppikarandi"
    ]
  },
  {
    "value": "tirttakkarandi",
    "synonyms": [
      "tirttakkarandi"
    ]
  },
  {
    "value": "ney karanda",
    "synonyms": [
      "ney karanda",
      "neykaranda"
    ]
  },
  {
    "value": "uccikkarandi",
    "synonyms": [
      "uccikkarandi"
    ]
  },
  {
    "value": "paladai",
    "synonyms": [
      "paladai"
    ]
  },
  {
    "value": "enneykkarandi",
    "synonyms": [
      "enneykkarandi"
    ]
  },
  {
    "value": "grain",
    "synonyms": [
      "grain"
    ]
  },
  {
    "value": "chawal",
    "synonyms": [
      "chawal"
    ]
  },
  {
    "value": "jo",
    "synonyms": [
      "jo"
    ]
  },
  {
    "value": "ratti",
    "synonyms": [
      "ratti",
      "rati",
      "rathi",
      "rathhi"
    ]
  },
  {
    "value": "surkha",
    "synonyms": [
      "surkha",
      "shurka",
      "surka"
    ]
  },
  {
    "value": "danga",
    "synonyms": [
      "danga",
      "dhanga"
    ]
  },
  {
    "value": "masha",
    "synonyms": [
      "masha"
    ]
  },
  {
    "value": "miskala",
    "synonyms": [
      "miskala",
      "mishkala",
      "miskla"
    ]
  },
  {
    "value": "rupya",
    "synonyms": [
      "rupya",
      "rubya",
      "rpya"
    ]
  },
  {
    "value": "aaqya",
    "synonyms": [
      "aaqya"
    ]
  },
  {
    "value": "ratala",
    "synonyms": [
      "ratala",
      "rhatala",
      "ratla",
      "ratalaa"
    ]
  },
  {
    "value": "sera",
    "synonyms": [
      "sera",
      "shera",
      "seraa"
    ]
  },
  {
    "value": "tola",
    "synonyms": [
      "tola"
    ]
  },
  {
    "value": "second",
    "synonyms": [
      "second",
      "s",
      "sec",
      "secs",
      "seconds"
    ]
  },
  {
    "value": "minute",
    "synonyms": [
      "minute",
      "min",
      "minutes",
      "mins",
      "minutues"
    ]
  },
  {
    "value": "kilometre",
    "synonyms": [
      "kilometre",
      "km",
      "kms",
      "kilom"
    ]
  },
  {
    "value": "inch",
    "synonyms": [
      "inch",
      "inc",
      "inh"
    ]
  },
  {
    "value": "hour",
    "synonyms": [
      "hour",
      "hr",
      "hours",
      "hrs",
      "hors",
      "h"
    ]
  },
  {
    "value": "day",
    "synonyms": [
      "day",
      "days"
    ]
  },
  {
    "value": "month",
    "synonyms": [
      "month",
      "mon",
      "months",
      "mths",
      "montths"
    ]
  },
  {
    "value": "year",
    "synonyms": [
      "year",
      "yr",
      "years",
      "yrs"
    ]
  }
]