[
  {
    "id": "78b968f8-ba4c-4697-b495-2a209078768f",
    "data": [
      {
        "text": "more info",
        "userDefined": false
      }
    ],
    "isTemplate": false,
    "count": 0,
    "updated": 0
  },
  {
    "id": "70b2a757-ce69-4526-897f-30c5976d1f67",
    "data": [
      {
        "text": "what can you do?",
        "userDefined": false
      }
    ],
    "isTemplate": false,
    "count": 0,
    "updated": 0
  },
  {
    "id": "87a64343-a57b-4483-8ddd-f492584a3441",
    "data": [
      {
        "text": "introduce yourself",
        "userDefined": false
      }
    ],
    "isTemplate": false,
    "count": 0,
    "updated": 0
  },
  {
    "id": "4dd1f924-2cb2-4114-b907-4b1dec6455ae",
    "data": [
      {
        "text": "help me to convert",
        "userDefined": false
      }
    ],
    "isTemplate": false,
    "count": 0,
    "updated": 0
  },
  {
    "id": "232e2d99-a908-4e2b-b5d5-e911c5a70416",
    "data": [
      {
        "text": "how to convert the units?",
        "userDefined": false
      }
    ],
    "isTemplate": false,
    "count": 0,
    "updated": 0
  },
  {
    "id": "5cac1fb8-9f3d-4faf-b8d4-beec6ffcb1b6",
    "data": [
      {
        "text": "bot manual",
        "userDefined": false
      }
    ],
    "isTemplate": false,
    "count": 0,
    "updated": 0
  },
  {
    "id": "422d2304-26c2-4f8c-9083-ef22e096e54e",
    "data": [
      {
        "text": "manual help",
        "userDefined": false
      }
    ],
    "isTemplate": false,
    "count": 0,
    "updated": 0
  },
  {
    "id": "2f31dd5c-1f17-4845-b605-3f7b423bf2e7",
    "data": [
      {
        "text": "how to use this",
        "userDefined": false
      }
    ],
    "isTemplate": false,
    "count": 0,
    "updated": 0
  },
  {
    "id": "fb60d1b7-5cec-43b3-8740-74bf8c829b2b",
    "data": [
      {
        "text": "how to use this bot",
        "userDefined": false
      }
    ],
    "isTemplate": false,
    "count": 0,
    "updated": 0
  },
  {
    "id": "d09144b7-c509-4e93-83f9-e00149c86b67",
    "data": [
      {
        "text": "help",
        "userDefined": false
      }
    ],
    "isTemplate": false,
    "count": 0,
    "updated": 0
  }
]