[
  {
    "id": "f0490e3c-5be9-4964-82f9-b799496f38f1",
    "data": [
      {
        "text": "what are the fields of medicine available",
        "userDefined": false
      }
    ],
    "isTemplate": false,
    "count": 0,
    "updated": 0
  },
  {
    "id": "c443624a-1212-4900-93d2-2f022159c33f",
    "data": [
      {
        "text": "show me the systems",
        "userDefined": false
      }
    ],
    "isTemplate": false,
    "count": 0,
    "updated": 0
  },
  {
    "id": "11b0ee21-8d73-4005-b144-2058f66cfd55",
    "data": [
      {
        "text": "Systems?",
        "userDefined": false
      }
    ],
    "isTemplate": false,
    "count": 0,
    "updated": 0
  },
  {
    "id": "27e34f19-7311-465c-b670-8ccbea71f370",
    "data": [
      {
        "text": "What are the various systems?",
        "userDefined": false
      }
    ],
    "isTemplate": false,
    "count": 0,
    "updated": 0
  }
]