[
  {
    "id": "f6e7797b-a4f5-4357-b3b7-18bc7bb78ea6",
    "data": [
      {
        "text": "Who are the authors?",
        "userDefined": false
      }
    ],
    "isTemplate": false,
    "count": 0,
    "updated": 0
  },
  {
    "id": "184e3e43-c0df-4ebc-98fa-a128b530334a",
    "data": [
      {
        "text": "get authors list",
        "userDefined": false
      }
    ],
    "isTemplate": false,
    "count": 0,
    "updated": 0
  },
  {
    "id": "b53ffb99-4daf-4ef6-a99c-bb2051d8fbaa",
    "data": [
      {
        "text": "get authors",
        "userDefined": false
      }
    ],
    "isTemplate": false,
    "count": 0,
    "updated": 0
  },
  {
    "id": "44d583ba-7c99-4e00-80a0-5b879a1f8dfc",
    "data": [
      {
        "text": "show me the authors list",
        "userDefined": false
      }
    ],
    "isTemplate": false,
    "count": 0,
    "updated": 0
  },
  {
    "id": "90f10473-ed3a-4b4a-83ed-dd88a1449a30",
    "data": [
      {
        "text": "what authors are available?",
        "userDefined": false
      }
    ],
    "isTemplate": false,
    "count": 0,
    "updated": 0
  },
  {
    "id": "c54cc4fc-7e38-4aaa-a041-009488ac1a6e",
    "data": [
      {
        "text": "authors?",
        "userDefined": false
      }
    ],
    "isTemplate": false,
    "count": 0,
    "updated": 0
  },
  {
    "id": "10bd85c9-0ca4-436c-916c-4ec1033c8499",
    "data": [
      {
        "text": "list of authors",
        "userDefined": false
      }
    ],
    "isTemplate": false,
    "count": 0,
    "updated": 0
  },
  {
    "id": "dbc4a68c-c19f-4593-87d5-e54bb9c07fc9",
    "data": [
      {
        "text": "show mw the list of authors",
        "userDefined": false
      }
    ],
    "isTemplate": false,
    "count": 0,
    "updated": 0
  }
]