[
  {
    "id": "435844ac-91ae-4728-a628-7fdbb4ce4d79",
    "data": [
      {
        "text": "selected parameters",
        "userDefined": false
      }
    ],
    "isTemplate": false,
    "count": 0,
    "updated": 0
  },
  {
    "id": "f8e2e4f8-fc8f-4b5b-a1d8-557733345911",
    "data": [
      {
        "text": "list the global selections",
        "userDefined": false
      }
    ],
    "isTemplate": false,
    "count": 0,
    "updated": 0
  },
  {
    "id": "2d9b73d2-f9c9-4abc-98c1-d9293e8d00af",
    "data": [
      {
        "text": "show selected system, metrics and author",
        "userDefined": false
      }
    ],
    "isTemplate": false,
    "count": 0,
    "updated": 0
  },
  {
    "id": "9a5b97b0-4fbd-4c09-98eb-e4106f8271e7",
    "data": [
      {
        "text": "show the selected systems",
        "userDefined": false
      }
    ],
    "isTemplate": false,
    "count": 0,
    "updated": 0
  },
  {
    "id": "7500f4e8-3666-49f3-bb9e-07e35bb8cd6c",
    "data": [
      {
        "text": "show the selected metrics",
        "userDefined": false
      }
    ],
    "isTemplate": false,
    "count": 0,
    "updated": 0
  },
  {
    "id": "421d7e9c-6cae-469e-8ce9-760cb663868e",
    "data": [
      {
        "text": "show the selected author",
        "userDefined": false
      }
    ],
    "isTemplate": false,
    "count": 0,
    "updated": 0
  },
  {
    "id": "77a3fecd-d253-4081-b625-e03b43d3f7c8",
    "data": [
      {
        "text": "show selected parameters",
        "userDefined": false
      }
    ],
    "isTemplate": false,
    "count": 0,
    "updated": 0
  },
  {
    "id": "41989e5f-a7b5-4da7-a55d-b668729cb611",
    "data": [
      {
        "text": "global parameters",
        "userDefined": false
      }
    ],
    "isTemplate": false,
    "count": 0,
    "updated": 0
  },
  {
    "id": "2e71ed25-a4bd-4595-be15-e67c3b90f429",
    "data": [
      {
        "text": "list the parameters i selected",
        "userDefined": false
      }
    ],
    "isTemplate": false,
    "count": 0,
    "updated": 0
  },
  {
    "id": "1dde9f71-cc6a-4628-a6d3-dd609110f221",
    "data": [
      {
        "text": "Show my selections",
        "userDefined": false
      }
    ],
    "isTemplate": false,
    "count": 0,
    "updated": 0
  }
]