[
  {
    "value": "length",
    "synonyms": [
      "length",
      "len",
      "distance",
      "linear measure",
      "linear",
      "breadth",
      "height",
      "altitude",
      "tall"
    ]
  },
  {
    "value": "time",
    "synonyms": [
      "time",
      "times",
      "duration",
      "period"
    ]
  },
  {
    "value": "volume",
    "synonyms": [
      "volume",
      "vol",
      "volme",
      "liquid",
      "liquid measure",
      "fluid measure"
    ]
  },
  {
    "value": "weight",
    "synonyms": [
      "weight",
      "weights",
      "weigh",
      "mass nwetons",
      "mass",
      "newtons"
    ]
  }
]