[
  {
    "id": "5c328fd7-7074-449d-ad5c-802eee962efe",
    "data": [
      {
        "text": "interchange the values",
        "userDefined": false
      }
    ],
    "isTemplate": false,
    "count": 0,
    "updated": 0
  },
  {
    "id": "20f906ef-907c-4f87-aa8d-748460147b42",
    "data": [
      {
        "text": "interchange the units",
        "userDefined": false
      }
    ],
    "isTemplate": false,
    "count": 0,
    "updated": 0
  },
  {
    "id": "94834be7-c7a9-425b-b6f5-9d465cae203d",
    "data": [
      {
        "text": "reciprocate",
        "userDefined": false
      }
    ],
    "isTemplate": false,
    "count": 0,
    "updated": 0
  },
  {
    "id": "6126a0ff-0f6b-4715-ad47-80771b8f1ed6",
    "data": [
      {
        "text": "reciprocate the values",
        "userDefined": false
      }
    ],
    "isTemplate": false,
    "count": 0,
    "updated": 0
  },
  {
    "id": "ec1adeca-2e39-4490-b931-07b13908b150",
    "data": [
      {
        "text": "reciprocate the units",
        "userDefined": false
      }
    ],
    "isTemplate": false,
    "count": 0,
    "updated": 0
  },
  {
    "id": "6e228f70-31ed-4a01-b220-6042751c5872",
    "data": [
      {
        "text": "transform exchange",
        "userDefined": false
      }
    ],
    "isTemplate": false,
    "count": 0,
    "updated": 0
  },
  {
    "id": "5314b6e5-82f7-4f35-a50e-c9b988f333e9",
    "data": [
      {
        "text": "transform the values",
        "userDefined": false
      }
    ],
    "isTemplate": false,
    "count": 0,
    "updated": 0
  },
  {
    "id": "e732c8d8-2572-424e-9481-470bb62bf6b6",
    "data": [
      {
        "text": "exachange the units",
        "userDefined": false
      }
    ],
    "isTemplate": false,
    "count": 0,
    "updated": 0
  },
  {
    "id": "af0cf0c5-b902-487e-922b-67e6a9bef883",
    "data": [
      {
        "text": "swap the units",
        "userDefined": false
      }
    ],
    "isTemplate": false,
    "count": 0,
    "updated": 0
  },
  {
    "id": "98e634d5-4968-496c-a0e0-13ce12466d5e",
    "data": [
      {
        "text": "reverse the values",
        "userDefined": false
      }
    ],
    "isTemplate": false,
    "count": 0,
    "updated": 0
  },
  {
    "id": "ff1937d4-0c76-48fe-b938-9af9480d5ddf",
    "data": [
      {
        "text": "swap the unts",
        "userDefined": false
      }
    ],
    "isTemplate": false,
    "count": 0,
    "updated": 0
  },
  {
    "id": "c602d446-4cf1-4947-967d-af0dee8bd2ed",
    "data": [
      {
        "text": "reverse",
        "userDefined": false
      }
    ],
    "isTemplate": false,
    "count": 0,
    "updated": 0
  },
  {
    "id": "18df0c21-4a30-4195-a7a3-a449645ddfc4",
    "data": [
      {
        "text": "swap",
        "userDefined": false
      }
    ],
    "isTemplate": false,
    "count": 0,
    "updated": 0
  }
]