[
  {
    "value": "aaqya",
    "synonyms": [
      "aaqya"
    ]
  },
  {
    "value": "angula",
    "synonyms": [
      "angula"
    ]
  },
  {
    "value": "aratni",
    "synonyms": [
      "aratni"
    ]
  },
  {
    "value": "centimetre",
    "synonyms": [
      "centimetre"
    ]
  },
  {
    "value": "chawal",
    "synonyms": [
      "chawal"
    ]
  },
  {
    "value": "danga",
    "synonyms": [
      "danga"
    ]
  },
  {
    "value": "grain",
    "synonyms": [
      "grain"
    ]
  },
  {
    "value": "gram",
    "synonyms": [
      "gram"
    ]
  },
  {
    "value": "hasta",
    "synonyms": [
      "hasta"
    ]
  },
  {
    "value": "jo",
    "synonyms": [
      "jo"
    ]
  },
  {
    "value": "kilogram",
    "synonyms": [
      "kilogram"
    ]
  },
  {
    "value": "litre",
    "synonyms": [
      "litre"
    ]
  },
  {
    "value": "masha",
    "synonyms": [
      "masha"
    ]
  },
  {
    "value": "metre",
    "synonyms": [
      "metre"
    ]
  },
  {
    "value": "milligram",
    "synonyms": [
      "milligram"
    ]
  },
  {
    "value": "millilitre",
    "synonyms": [
      "millilitre"
    ]
  },
  {
    "value": "millimetre",
    "synonyms": [
      "millimetre"
    ]
  },
  {
    "value": "miskala",
    "synonyms": [
      "miskala"
    ]
  },
  {
    "value": "nripa hasta",
    "synonyms": [
      "nripa hasta"
    ]
  },
  {
    "value": "rajhasta",
    "synonyms": [
      "rajhasta"
    ]
  },
  {
    "value": "ratala",
    "synonyms": [
      "ratala"
    ]
  },
  {
    "value": "ratti",
    "synonyms": [
      "ratti"
    ]
  },
  {
    "value": "rupya",
    "synonyms": [
      "rupya"
    ]
  },
  {
    "value": "sera",
    "synonyms": [
      "sera"
    ]
  },
  {
    "value": "surkha",
    "synonyms": [
      "surkha"
    ]
  },
  {
    "value": "tola",
    "synonyms": [
      "tola"
    ]
  },
  {
    "value": "vitasti",
    "synonyms": [
      "vitasti"
    ]
  },
  {
    "value": "vyama",
    "synonyms": [
      "vyama"
    ]
  },
  {
    "value": "yavodara",
    "synonyms": [
      "yavodara"
    ]
  }
]