[
  {
    "value": "api",
    "synonyms": [
      "API",
      "api",
      "Ayurvedic Pharmacopoeia of India"
    ]
  },
  {
    "value": "charaka",
    "synonyms": [
      "charaka",
      "sarakha",
      "charakha",
      "caraca"
    ]
  },
  {
    "value": "rrs",
    "synonyms": [
      "rrs",
      "RRS"
    ]
  },
  {
    "value": "sharangadhara",
    "synonyms": [
      "sharangadhara",
      "sarangadara",
      "sharangadara",
      "serengadera"
    ]
  },
  {
    "value": "sushruta",
    "synonyms": [
      "sushruta",
      "susruta",
      "susrutha",
      "sushrutha"
    ]
  },
  {
    "value": "vaidyaka paribhasha pradeepa",
    "synonyms": [
      "Vaidyaka paribhasha pradeepa",
      "vaidyaka",
      "pradeepa",
      "paribhasha",
      "vaidya",
      "vpp",
      "VPP",
      "vaidyaka paribasa pradipa",
      "pradipa",
      "vaida pradipa"
    ]
  }
]