[
  {
    "id": "026ca661-fbbf-44f1-a1bc-85177b5033a3",
    "data": [
      {
        "text": "Who are the authors?",
        "userDefined": false
      }
    ],
    "isTemplate": false,
    "count": 0,
    "updated": 0
  },
  {
    "id": "289bcc6f-3d2e-473e-af69-2a3b4436e7d1",
    "data": [
      {
        "text": "get authors list",
        "userDefined": false
      }
    ],
    "isTemplate": false,
    "count": 0,
    "updated": 0
  },
  {
    "id": "52ec3dda-c34a-4aaa-a598-b64f1f9b1003",
    "data": [
      {
        "text": "get authors",
        "userDefined": false
      }
    ],
    "isTemplate": false,
    "count": 0,
    "updated": 0
  },
  {
    "id": "ec70ff06-8066-4ded-8563-8024caca3d18",
    "data": [
      {
        "text": "show me the authors list",
        "userDefined": false
      }
    ],
    "isTemplate": false,
    "count": 0,
    "updated": 0
  },
  {
    "id": "10627815-90e7-4b2b-bf51-bba22eeae493",
    "data": [
      {
        "text": "what authors are available?",
        "userDefined": false
      }
    ],
    "isTemplate": false,
    "count": 0,
    "updated": 0
  },
  {
    "id": "e69ef51d-5ae4-48a6-888b-5968aa2a3fdb",
    "data": [
      {
        "text": "authors?",
        "userDefined": false
      }
    ],
    "isTemplate": false,
    "count": 0,
    "updated": 0
  },
  {
    "id": "1740660d-be69-45d1-95bf-b58f962a1696",
    "data": [
      {
        "text": "list of authors",
        "userDefined": false
      }
    ],
    "isTemplate": false,
    "count": 0,
    "updated": 0
  },
  {
    "id": "e9e8b95c-cfbe-42dc-95a0-e6cdae6daa8d",
    "data": [
      {
        "text": "show mw the list of authors",
        "userDefined": false
      }
    ],
    "isTemplate": false,
    "count": 0,
    "updated": 0
  }
]