[
  {
    "id": "16f6ba0b-5005-4bec-ad15-4b94a37b3312",
    "data": [
      {
        "text": "what are the fields of medicine available",
        "userDefined": false
      }
    ],
    "isTemplate": false,
    "count": 0,
    "updated": 0
  },
  {
    "id": "4a555771-d7d1-413c-9efe-2e2fe79f349b",
    "data": [
      {
        "text": "show me the systems",
        "userDefined": false
      }
    ],
    "isTemplate": false,
    "count": 0,
    "updated": 0
  },
  {
    "id": "c743164e-d9fb-455e-952e-da1d1c434f90",
    "data": [
      {
        "text": "Systems?",
        "userDefined": false
      }
    ],
    "isTemplate": false,
    "count": 0,
    "updated": 0
  },
  {
    "id": "faff6064-77e1-4f07-91de-67d0a8e861fa",
    "data": [
      {
        "text": "What are the various systems?",
        "userDefined": false
      }
    ],
    "isTemplate": false,
    "count": 0,
    "updated": 0
  }
]