[
  {
    "id": "20d177f1-7699-43fb-baf1-536447f0bf2d",
    "data": [
      {
        "text": "list the metrics.",
        "userDefined": false
      }
    ],
    "isTemplate": false,
    "count": 0,
    "updated": 0
  },
  {
    "id": "0545cc78-873d-40bb-9f9a-ca9134eef1bb",
    "data": [
      {
        "text": "metrics.",
        "userDefined": false
      }
    ],
    "isTemplate": false,
    "count": 0,
    "updated": 0
  },
  {
    "id": "eeeafcd7-56bc-4939-88ff-5c903f04d9b5",
    "data": [
      {
        "text": "length, time and what else?",
        "userDefined": false
      }
    ],
    "isTemplate": false,
    "count": 0,
    "updated": 0
  },
  {
    "id": "d8a9a63c-d3d2-4602-a53a-f32e39e86fc3",
    "data": [
      {
        "text": "dimensions?",
        "userDefined": false
      }
    ],
    "isTemplate": false,
    "count": 0,
    "updated": 0
  },
  {
    "id": "9401ab74-fe9a-413c-b689-6afe6accbd46",
    "data": [
      {
        "text": "What are the metrics?",
        "userDefined": false
      }
    ],
    "isTemplate": false,
    "count": 0,
    "updated": 0
  }
]